Date,Name,Year,Letterboxd URI,Rating
2024-01-20,Schindler's List,1993,https://boxd.it/2aq2,5
2024-01-20,Air,2023,https://boxd.it/Arlc,4
2024-01-20,Tiger 3,2023,https://boxd.it/qZTW,2.5
2024-01-21,Predestination,2014,https://boxd.it/6bJM,3.5
2024-01-23,Wake Up Sid,2009,https://boxd.it/1C8e,4
2024-01-24,Grave of the Fireflies,1988,https://boxd.it/1RUM,3.5
2024-01-30,Aquaman and the Lost Kingdom,2023,https://boxd.it/l1LS,3.5
2024-02-04,The Crush,2010,https://boxd.it/4Zeg,3.5
2024-02-04,Parking,2023,https://boxd.it/Iyga,4
2024-02-04,One-Minute Time Machine,2014,https://boxd.it/bFSO,3.5
2024-02-12,A Serbian Film,2010,https://boxd.it/2wBc,1
2024-02-17,Dunki,2023,https://boxd.it/Ahr0,3.5
2024-02-18,Salaar: Part 1 - Ceasefire,2023,https://boxd.it/sYOU,3.5
2024-02-24,Sam Bahadur,2023,https://boxd.it/uF22,3.5
2024-02-25,Maaveeran,2023,https://boxd.it/Bktq,3.5
2024-02-25,Saltburn,2023,https://boxd.it/z4eg,3
2024-02-25,Chithha,2023,https://boxd.it/GbIc,3.5
2024-02-28,Joram,2023,https://boxd.it/Efie,3.5
2024-02-29,Society of the Snow,2023,https://boxd.it/y9aw,4
2024-03-01,Doctor,2021,https://boxd.it/p5Ps,3
2024-03-03,Dune,2021,https://boxd.it/fA7G,4
2024-03-08,Meet Joe Black,1998,https://boxd.it/2aEI,3.5
2024-03-10,Merry Christmas,2024,https://boxd.it/xCn8,4
2024-03-11,Captain Miller,2024,https://boxd.it/AkPE,4
2024-03-12,Poor Things,2023,https://boxd.it/tNWU,3.5
2024-03-16,Men in Black,1997,https://boxd.it/2a0I,3
2024-03-17,Men in Black II,2002,https://boxd.it/2a0y,3
2024-03-20,Bramayugam,2024,https://boxd.it/Iekc,4
2024-03-22,The Irishman,2019,https://boxd.it/dYOq,4
2024-03-24,Fighter,2024,https://boxd.it/tvnM,4
2024-03-27,Dia,2020,https://boxd.it/p23g,3
2024-03-31,Delhi Belly,2011,https://boxd.it/2gEk,3.5
2024-04-01,Gran Turismo,2023,https://boxd.it/B2lS,4
2024-04-07,Rush,2013,https://boxd.it/3lyS,4
2024-04-10,The Imitation Game,2014,https://boxd.it/6aig,3.5
2024-04-11,Godzilla × Kong: The New Empire,2024,https://boxd.it/v1PK,3.5
2024-04-12,Kung Fu Panda 4,2024,https://boxd.it/CepE,3
2024-04-15,Paanch,2003,https://boxd.it/5fE,3.5
2024-04-17,Life in a Metro,2007,https://boxd.it/1DoW,3.5
2024-04-17,Premalu,2024,https://boxd.it/HuK4,3.5
2024-04-23,Sapta Sagaradaache Ello - Side B,2023,https://boxd.it/IhOE,4
2024-04-30,Lost Ladies,2023,https://boxd.it/I0mS,4
2024-05-03,(500) Days of Summer,2009,https://boxd.it/1EmM,3.5
2024-05-04,Madgaon Express,2024,https://boxd.it/JzcA,3.5
2024-05-05,Shaitaan,2024,https://boxd.it/J3kM,3.5
2024-05-18,Romancham,2023,https://boxd.it/ARRe,3.5
2024-05-22,Aavesham,2024,https://boxd.it/F2fe,4
2024-05-27,The Fall Guy,2024,https://boxd.it/s0Bm,3.5
2024-06-01,Eternal Sunshine of the Spotless Mind,2004,https://boxd.it/6YK,4
2024-06-01,Furiosa: A Mad Max Saga,2024,https://boxd.it/tABk,4
2024-06-04,Godzilla Minus One,2023,https://boxd.it/zu4c,4
2024-06-10,Manjummel Boys,2024,https://boxd.it/EtUc,5
2024-06-12,Karwaan,2018,https://boxd.it/jp58,4.5
2024-06-13,BEEF,2023,https://boxd.it/FPsm,4
2024-06-16,Tere Naam,2003,https://boxd.it/nNk,3.5
2024-06-27,Your Name.,2016,https://boxd.it/cUqs,4
2024-07-01,Kalki 2898-AD,2024,https://boxd.it/uaUM,3.5
2024-07-10,Prisoners,2013,https://boxd.it/4E5i,5
2024-07-13,Maharaja,2024,https://boxd.it/GiAu,5
2024-07-13,12 Angry Men,1957,https://boxd.it/2auI,5
2024-07-17,EuroTrip,2004,https://boxd.it/1YTQ,3.5
2024-07-26,Not Another Teen Movie,2001,https://boxd.it/1TWq,2.5
2024-07-28,Deadpool & Wolverine,2024,https://boxd.it/jq8s,4
2024-07-29,Cinema Paradiso,1988,https://boxd.it/1UlA,5
2024-08-01,Ajji,2017,https://boxd.it/hksC,3.5
2024-08-04,The Departed,2006,https://boxd.it/28MA,4.5
2024-08-05,Pather Panchali,1955,https://boxd.it/22yC,5
2024-08-13,Mangalavaaram,2023,https://boxd.it/Floa,3
2024-08-13,Apur Sansar,1959,https://boxd.it/29l6,5
2024-08-14,Nanpakal Nerathu Mayakkam,2022,https://boxd.it/x5xO,4
2024-08-17,Despicable Me 4,2024,https://boxd.it/iOLG,3
2024-08-17,Aparajito,1956,https://boxd.it/29kW,5
2024-08-18,Toy Story,1995,https://boxd.it/29qA,4
2024-08-19,The Silence of the Lambs,1991,https://boxd.it/2aHW,4.5
2024-08-19,Stree 2,2024,https://boxd.it/G5Cs,4
2024-08-26,Munjya,2024,https://boxd.it/J1M0,3
2024-08-28,Raayan,2024,https://boxd.it/GYru,3.5
2024-09-01,Toy Story 2,1999,https://boxd.it/29qq,4
2024-09-01,Toy Story 3,2010,https://boxd.it/1WRe,5
2024-09-02,The Goat Life,2024,https://boxd.it/gVZQ,5
2024-09-07,Kaagaz Ke Phool,1959,https://boxd.it/vLG,5
2024-09-07,Pyaasa,1957,https://boxd.it/10iq,5
2024-09-09,Do Ankhen Barah Haath,1957,https://boxd.it/2o40,4
2024-09-09,Guide,1965,https://boxd.it/2Oa4,5
2024-09-12,Insomnia,2002,https://boxd.it/2aB0,3.5
2024-09-14,Requiem for a Dream,2000,https://boxd.it/29VI,3.5
2024-09-15,Demolition,2015,https://boxd.it/9GuY,4
2024-09-16,Tumbbad,2018,https://boxd.it/jDZk,4.5
2024-09-16,Blade Runner,1982,https://boxd.it/2bcA,3.5
2024-09-20,Kamthaan,2024,https://boxd.it/KUVo,3.5
2024-09-21,The Grand Budapest Hotel,2014,https://boxd.it/3ZqO,4
2024-09-23,Kurangu Bommai,2017,https://boxd.it/geWa,3.5
2024-09-26,Birdman or (The Unexpected Virtue of Ignorance),2014,https://boxd.it/5RFA,4
2024-09-29,Saripodhaa Sanivaaram,2024,https://boxd.it/Jkwq,3.5
2024-10-11,Manchester by the Sea,2016,https://boxd.it/b2L0,3.5
2024-10-13,Constantine,2005,https://boxd.it/2a7E,3
2024-10-14,Citizen Kane,1941,https://boxd.it/71O,4
2024-10-17,Two Acres of Land,1953,https://boxd.it/uuE,5
2024-10-20,Kinds of Kindness,2024,https://boxd.it/CWPw,3
2024-10-27,Vertigo,1958,https://boxd.it/2apI,4
2024-10-29,Toy Story 4,2019,https://boxd.it/9ALu,4
2024-10-31,Joker: Folie à Deux,2024,https://boxd.it/xBoE,2.5
2024-11-03,Zwigato,2022,https://boxd.it/Cl6u,4
2024-11-06,The Substance,2024,https://boxd.it/zanS,3.5
2024-11-09,Interstellar,2014,https://boxd.it/4VZ8,5
2024-11-11,Uncut Gems,2019,https://boxd.it/gXGc,4
2024-11-11,Antichrist,2009,https://boxd.it/1Inu,2.5
2024-11-11,Meiyazhagan,2024,https://boxd.it/GYue,5
2024-11-12,Venom: The Last Dance,2024,https://boxd.it/ynqo,4
2024-11-15,The Penguin,2024,https://boxd.it/QkIU,4
2024-11-25,Into the Wild,2007,https://boxd.it/22m2,4
2024-11-25,Bohemian Rhapsody,2018,https://boxd.it/f1TK,5
2024-11-25,No Country for Old Men,2007,https://boxd.it/21ew,4
2024-11-25,Dune: Part Two,2024,https://boxd.it/pUfA,5
2024-11-25,Dead Poets Society,1989,https://boxd.it/2aSg,5
2024-11-25,Memories of Murder,2003,https://boxd.it/1TSo,5
2024-11-25,Good Will Hunting,1997,https://boxd.it/2ahY,5
2024-11-25,Blade Runner 2049,2017,https://boxd.it/b8wK,5
2024-11-25,We Live in Time,2024,https://boxd.it/FC5u,3.5
2024-11-28,Yavarum Nalam,2009,https://boxd.it/1Ekm,4
2024-11-28,Anand,1971,https://boxd.it/1uhM,5
2024-11-28,A Fistful of Dollars,1964,https://boxd.it/2auo,4
2024-12-01,8 A.M. Metro,2023,https://boxd.it/GpSK,4
2024-12-01,Smile 2,2024,https://boxd.it/FDA4,3.5
2024-12-03,The Usual Suspects,1995,https://boxd.it/29XE,4
2024-12-05,There Will Be Blood,2007,https://boxd.it/20Z2,4.5
2024-12-08,Singham Again,2024,https://boxd.it/CllO,2.5
2024-12-09,Aradhana,1969,https://boxd.it/3lDy,4.5
2024-12-11,50 First Dates,2004,https://boxd.it/285c,3.5
2024-12-12,Babylon,2022,https://boxd.it/mM02,5
2024-12-13,Pushpa 2 - The Rule,2024,https://boxd.it/wooY,2.5
2024-12-14,"Dude, Where's My Car?",2000,https://boxd.it/1ZJi,2.5
2024-12-15,Awaara,1951,https://boxd.it/14BQ,4
2024-12-17,Shree 420,1955,https://boxd.it/HgU,5
2024-12-18,For a Few Dollars More,1965,https://boxd.it/29eu,4
2024-12-21,Bhavni Bhavai,1981,https://boxd.it/7BXC,4
2024-12-23,The Truman Show,1998,https://boxd.it/18U8,5
2024-12-24,Anora,2024,https://boxd.it/Egcw,3.5
2024-12-25,Gravity,2013,https://boxd.it/GZY,4
2024-12-26,Dev.D,2009,https://boxd.it/1L5I,4
2024-12-26,Nacho Libre,2006,https://boxd.it/1YTG,4
2024-12-26,Udaan,2010,https://boxd.it/PPe,5
2024-12-26,Masaan,2015,https://boxd.it/b6x2,5
2024-12-26,Raman Raghav 2.0,2016,https://boxd.it/dL2S,4
2024-12-26,No Smoking,2007,https://boxd.it/1b5W,4.5
2024-12-26,"Making ""Sacred Games""",2019,https://boxd.it/F3Zs,4
2024-12-26,The Pursuit of Happyness,2006,https://boxd.it/28PE,5
2024-12-26,The Wild Robot,2024,https://boxd.it/IWFy,5
2024-12-26,Inside Out 2,2024,https://boxd.it/CFrC,5
2024-12-26,Incendies,2010,https://boxd.it/Msm,5
2024-12-26,GoodFellas,1990,https://boxd.it/29FA,4.5
2024-12-26,Laila Majnu,2018,https://boxd.it/jIfw,3.5
2024-12-26,Monkey Man,2024,https://boxd.it/kvsO,4
2024-12-26,The Revenant,2015,https://boxd.it/8H5e,4
2024-12-26,Life Is Beautiful,1997,https://boxd.it/29Wm,4.5
2024-12-26,Hanu-Man,2024,https://boxd.it/wNZ6,3.5
2024-12-26,The Pianist,2002,https://boxd.it/2aqc,4.5
2024-12-28,The Martian,2015,https://boxd.it/8SeG,4
2024-12-28,"The Good, the Bad and the Ugly",1966,https://boxd.it/2ape,5
2024-12-28,Oldboy,2003,https://boxd.it/29R2,5
2024-12-29,I Saw the Devil,2010,https://boxd.it/FaK,4.5
2024-12-29,Marco,2024,https://boxd.it/J0ka,4
2024-12-30,Gladiator II,2024,https://boxd.it/kqQQ,4
2024-12-30,Gladiator,2000,https://boxd.it/2b9m,4.5
2024-12-30,The Dark Knight,2008,https://boxd.it/2b0k,5
2024-12-30,The Batman,2022,https://boxd.it/eDGs,5
2024-12-30,John Wick: Chapter 4,2023,https://boxd.it/mh48,5
2024-12-30,Everything Everywhere All at Once,2022,https://boxd.it/jUk4,5
2024-12-30,Forrest Gump,1994,https://boxd.it/728,5
2024-12-30,A Clockwork Orange,1971,https://boxd.it/2aVE,4
2024-12-30,Mad Max: Fury Road,2015,https://boxd.it/2DjO,5
2024-12-30,La La Land,2016,https://boxd.it/a5fa,5
2024-12-30,All Quiet on the Western Front,2022,https://boxd.it/H08,5
2024-12-30,Pulp Fiction,1994,https://boxd.it/29Pq,5
2024-12-30,Swades,2004,https://boxd.it/1Ly6,5
2024-12-30,Ford v Ferrari,2019,https://boxd.it/ce74,5
2024-12-30,Spider-Man: Across the Spider-Verse,2023,https://boxd.it/kSz4,5
2024-12-30,Whiplash,2014,https://boxd.it/7bQA,5
2024-12-30,Black Swan,2010,https://boxd.it/Sw0,5
2024-12-30,Oppenheimer,2023,https://boxd.it/wUow,5
2024-12-30,Mera Naam Joker,1970,https://boxd.it/1BQY,5
2024-12-30,The Lunchbox,2013,https://boxd.it/5MOs,5
2024-12-30,The Green Mile,1999,https://boxd.it/2agG,5
2024-12-30,The Godfather Part II,1974,https://boxd.it/2aNq,5
2024-12-30,Killers of the Flower Moon,2023,https://boxd.it/gHp0,4
2024-12-30,Zodiac,2007,https://boxd.it/27MO,4.5
2024-12-30,Top Gun: Maverick,2022,https://boxd.it/cjr4,5
2024-12-30,Gangs of Wasseypur – Part 1,2012,https://boxd.it/3UHK,5
2024-12-30,Gangs of Wasseypur – Part 2,2012,https://boxd.it/497i,5
2024-12-30,Back to the Future,1985,https://boxd.it/2b8e,5
2024-12-30,Psycho,1960,https://boxd.it/2ab2,5
2024-12-30,Kill,2023,https://boxd.it/HTqS,5
2024-12-30,Inception,2010,https://boxd.it/1skk,5
2024-12-30,The Prestige,2006,https://boxd.it/293w,5
2024-12-30,Arrival,2016,https://boxd.it/aNGk,5
2024-12-30,The Wolf of Wall Street,2013,https://boxd.it/3C1m,5
2024-12-30,Shutter Island,2010,https://boxd.it/1U82,5
2024-12-30,Fight Club,1999,https://boxd.it/2a9q,5
2024-12-30,The Sixth Sense,1999,https://boxd.it/29Js,4
2024-12-30,Saving Private Ryan,1998,https://boxd.it/29ro,5
2024-12-30,The Shawshank Redemption,1994,https://boxd.it/2aHi,5
2024-12-30,The Shining,1980,https://boxd.it/29Nu,4.5
2024-12-30,Taxi Driver,1976,https://boxd.it/2b8y,4.5
2025-01-01,96,2018,https://boxd.it/fHYM,5
2025-01-01,Teri Baaton Mein Aisa Uljha Jiya,2024,https://boxd.it/FXqS,3.5
2025-01-01,Iratta,2023,https://boxd.it/zELA,4
2025-01-01,Sardar Udham,2021,https://boxd.it/m5kS,4
2025-01-01,Her,2013,https://boxd.it/4O24,4.5
2025-01-01,Kaun?,1999,https://boxd.it/4y6Y,5
2025-01-01,Rocky,1976,https://boxd.it/28Uk,4
2025-01-04,Sapta Sagaradaache Ello – Side A,2023,https://boxd.it/IhOY,5
2025-01-06,Maidaan,2024,https://boxd.it/oSFO,4.5
2025-01-06,Jigarthanda DoubleX,2023,https://boxd.it/C4xI,4
2025-01-06,All We Imagine as Light,2024,https://boxd.it/yXaQ,3.5
2025-01-12,The Handmaiden,2016,https://boxd.it/948A,4.5
2025-01-18,Thangalaan,2024,https://boxd.it/yiKI,3.5
2025-01-19,The Skin I Live In,2011,https://boxd.it/99A,4
2025-01-19,Satya,1998,https://boxd.it/1BNq,5
2025-01-20,Nightcrawler,2014,https://boxd.it/780m,4.5
2025-01-21,UI,2024,https://boxd.it/Bcyi,1.5
2025-01-25,The Girl with the Dragon Tattoo,2011,https://boxd.it/2Pa,4.5
2025-01-29,Lakshya,2004,https://boxd.it/1Ckk,4
2025-01-30,Coco,2017,https://boxd.it/bYJQ,5
2025-02-01,Phir Bhi Dil Hai Hindustani,2000,https://boxd.it/3mxG,3.5
2025-02-02,Gujjubhai The Great,2015,https://boxd.it/chM0,5
2025-02-02,The Terminal,2004,https://boxd.it/2a2O,4.5
2025-02-03,Seven Samurai,1954,https://boxd.it/2axi,4.5
2025-02-05,Climax,2018,https://boxd.it/ikvo,3.5
2025-02-07,Toolsidas Junior,2022,https://boxd.it/t7O0,3.5
2025-02-08,The Autopsy of Jane Doe,2016,https://boxd.it/dUu2,3
2025-02-09,City Lights,1931,https://boxd.it/29ki,5
2025-02-10,RRR: Behind & Beyond,2024,https://boxd.it/RT3O,3.5
2025-02-10,Moana 2,2024,https://boxd.it/LcjW,3
2025-02-16,The Polar Express,2004,https://boxd.it/23am,3.5
2025-02-16,Apocalypse Now,1979,https://boxd.it/6ZS,4
2025-02-16,1917,2019,https://boxd.it/jj4y,5
2025-02-17,Kati Patang,1971,https://boxd.it/afBq,4
2025-02-20,Dil Se..,1998,https://boxd.it/1CgC,3
2025-02-23,Padosan,1968,https://boxd.it/1DaU,3.5
2025-02-26,Mufasa: The Lion King,2024,https://boxd.it/sE9C,3.5
2025-02-27,Heat,1995,https://boxd.it/2bg8,4
2025-02-27,Jaws,1975,https://boxd.it/2a5e,4
2025-02-28,WALL·E,2008,https://boxd.it/1VEo,4.5
2025-03-02,La Belle Noiseuse,1991,https://boxd.it/1RxI,3.5
2025-03-02,Amar Prem,1972,https://boxd.it/1ngW,4
2025-03-05,Gulaal,2009,https://boxd.it/1BAw,3.5
2025-03-07,August Underground,2001,https://boxd.it/1wT4,1
2025-03-08,Cannibal Holocaust,1980,https://boxd.it/1ZWQ,2
2025-03-08,Grotesque,2009,https://boxd.it/1s76,1.5
2025-03-09,Flow,2024,https://boxd.it/v1Ei,3.5
2025-03-10,Kill Bill: Vol. 1,2003,https://boxd.it/70w,5
2025-03-10,Kill Bill: Vol. 2,2004,https://boxd.it/2au4,4.5
2025-03-11,The Notebook,2004,https://boxd.it/1UNE,4
2025-03-15,Ankhon Dekhi,2013,https://boxd.it/76UC,3.5
2025-03-15,A Trip to the Moon,1902,https://boxd.it/29EC,4
2025-03-15,About Time,2013,https://boxd.it/43bI,5
2025-03-16,White Nights,1960,https://boxd.it/jiaK,5
2025-03-16,Luck by Chance,2009,https://boxd.it/1Kja,4
2025-03-18,Shaurya,2008,https://boxd.it/1GD6,3.5
2025-03-19,Reva,2018,https://boxd.it/mAse,5
2025-03-21,Late Night with the Devil,2023,https://boxd.it/zo6G,2.5
2025-03-22,Adolescence,2025,https://boxd.it/TFGw,4
2025-03-23,Mr. & Mrs. '55,1955,https://boxd.it/7Tw,4
2025-03-25,Little Women,2019,https://boxd.it/aSVk,4
2025-03-30,Desire,2011,https://boxd.it/33XU,2
2025-03-30,In the Realm of the Senses,1976,https://boxd.it/22qS,3.5
2025-03-30,Nadiya Ke Paar,1982,https://boxd.it/9LwU,4
2025-03-30,Caligula,1979,https://boxd.it/1YDS,2
2025-03-31,Moonlight,2016,https://boxd.it/d6bE,4.5
2025-04-01,Enemy,2013,https://boxd.it/5xtO,4.5
2025-04-01,Mulholland Drive,2001,https://boxd.it/297o,4.5
2025-04-05,Ugly,2013,https://boxd.it/5MPq,4
2025-04-06,Rashomon,1950,https://boxd.it/2a9K,4.5
2025-04-06,Singin' in the Rain,1952,https://boxd.it/29oY,5
2025-04-07,Talvar,2015,https://boxd.it/bTxg,4
2025-04-10,Ex Machina,2015,https://boxd.it/7T2k,4
2025-04-13,Basic Instinct,1992,https://boxd.it/2asM,4
2025-04-13,Hugo,2011,https://boxd.it/R08,5
2025-04-13,Thiruchitrambalam,2022,https://boxd.it/wptK,4
2025-04-14,Deep Water,2022,https://boxd.it/mVHk,2.5
2025-04-15,I Am Legend,2007,https://boxd.it/21DG,3.5
2025-04-16,The Roundup,2022,https://boxd.it/mVnO,3.5
2025-04-17,Chhaava,2025,https://boxd.it/JpHe,3.5
2025-04-18,The Dreamers,2003,https://boxd.it/28X4,3.5
2025-04-20,WR: Mysteries of the Organism,1971,https://boxd.it/WFK,1
2025-04-20,Blue Is the Warmest Color,2013,https://boxd.it/4O40,2.5
2025-04-20,Dragon,2025,https://boxd.it/Mxns,3.5
2025-04-21,Superboys of Malegaon,2024,https://boxd.it/KyOU,4.5
2025-04-22,Barry Lyndon,1975,https://boxd.it/25A2,4
2025-04-23,Court: State vs. A Nobody,2025,https://boxd.it/SHmm,4
2025-04-24,Reservoir Dogs,1992,https://boxd.it/2agc,4
2025-04-26,Sinners,2025,https://boxd.it/KQMM,5
2025-04-27,Y Tu Mamá También,2001,https://boxd.it/28QM,4
2025-04-27,Drive,2011,https://boxd.it/IG,4
2025-04-28,Supermen of Malegaon,2008,https://boxd.it/3PZa,5
2025-04-29,Malena,2000,https://boxd.it/1Vc0,4.5
2025-04-29,American Beauty,1999,https://boxd.it/71Y,4.5
2025-05-04,Umbarro,2025,https://boxd.it/Su0M,4
2025-05-04,Crash,1996,https://boxd.it/29n2,3.5
2025-05-05,The Girl Next Door,2004,https://boxd.it/1VSq,3.5
2025-05-06,Superbad,2007,https://boxd.it/20hO,4
2025-05-09,Kink,2013,https://boxd.it/4Ys2,3
2025-05-09,Enter the Void,2009,https://boxd.it/1dy2,3.5
2025-05-09,Eyes Wide Shut,1999,https://boxd.it/2axs,4
2025-05-09,Scarface,1983,https://boxd.it/2b7g,4.5
2025-05-09,The Dark Knight Rises,2012,https://boxd.it/H3m,5
2025-05-11,Sunday,2008,https://boxd.it/1CHy,3.5
2025-05-11,Black Friday,2004,https://boxd.it/1oUy,4
2025-05-12,Midsommar,2019,https://boxd.it/jhxe,3.5
2025-05-13,Come and See,1985,https://boxd.it/1w9q,5
2025-05-14,Dumb and Dumber,1994,https://boxd.it/206m,3.5
2025-05-15,Mission: Impossible – Dead Reckoning,2023,https://boxd.it/l7zS,4.5
2025-05-16,Captain America: Brave New World,2025,https://boxd.it/uYDm,3
2025-05-20,Mission: Impossible – The Final Reckoning,2025,https://boxd.it/l7A2,4
2025-05-20,The Lobster,2015,https://boxd.it/7tnw,3.5
2025-05-21,Anatomy of Hell,2004,https://boxd.it/2wR0,1.5
2025-05-21,The Lighthouse,2019,https://boxd.it/icFU,3
2025-05-25,Jaane Bhi Do Yaaro,1983,https://boxd.it/1vHw,5
2025-05-25,Borat Subsequent Moviefilm: Delivery of Prodigious Bribe to American Regime for Make Benefit Once Glorious Nation of Kazakhstan,2020,https://boxd.it/rNS0,3.5
2025-05-25,Lady Bird,2017,https://boxd.it/dGNE,4
2025-05-26,The Darjeeling Limited,2007,https://boxd.it/24as,4
2025-05-29,Sookshmadarshini,2024,https://boxd.it/zRX0,4
2025-06-01,HIT: The Third Case,2025,https://boxd.it/E7vu,3.5
2025-06-01,Love,2015,https://boxd.it/9brE,3
2025-06-04,The Hero,1966,https://boxd.it/3MJI,5
2025-06-06,Ratatouille,2007,https://boxd.it/27ww,5
2025-06-06,Thudarum,2025,https://boxd.it/M3Yy,3
2025-06-08,Tourist Family,2025,https://boxd.it/RNEO,4.5
2025-06-08,"Salò, or the 120 Days of Sodom",1975,https://boxd.it/237s,2.5
2025-06-09,Stolen,2023,https://boxd.it/HJAe,4
2025-06-11,Kishkindha Kaandam,2024,https://boxd.it/CLOM,4
2025-06-13,Children of Men,2006,https://boxd.it/1Y2i,4.5
2025-06-14,Roja,1992,https://boxd.it/1BR8,3
2025-06-15,Kesari Chapter 2: The Untold Story of Jallianwala Bagh,2025,https://boxd.it/GZlM,4
2025-06-15,"Monsters, Inc.",2001,https://boxd.it/2a46,4.5
2025-06-16,Nayakan,1987,https://boxd.it/1meA,5
2025-06-18,Final Destination Bloodlines,2025,https://boxd.it/l5y4,3
2025-06-18,Sector 36,2024,https://boxd.it/Lmti,3.5
2025-06-19,Irreversible,2002,https://boxd.it/29as,4
2025-06-19,Terrifier 3,2024,https://boxd.it/D8tM,3
2025-06-20,Ballerina,2025,https://boxd.it/jKqG,4
2025-06-22,Deewaar,1975,https://boxd.it/1AxG,5
2025-06-22,21 Jump Street,2012,https://boxd.it/J0,4
2025-06-22,The Machinist,2004,https://boxd.it/248c,4
2025-06-24,22 Jump Street,2014,https://boxd.it/5Fvy,3.5
2025-06-25,Pirates II: Stagnetti's Revenge,2008,https://boxd.it/1Okm,3
2025-06-29,Return Of Hanuman,2007,https://boxd.it/3TUe,5
2025-06-30,Two,1965,https://boxd.it/5MnG,5
2025-07-02,F1,2025,https://boxd.it/yjVM,5
2025-07-04,Raid 2,2025,https://boxd.it/KAdw,3
2025-07-08,In the Mood for Love,2000,https://boxd.it/29tE,4
2025-07-10,Shame,2011,https://boxd.it/2CxU,4
2025-07-12,Hereditary,2018,https://boxd.it/hNVe,3
2025-07-12,Article 15,2019,https://boxd.it/m0mO,4
2025-07-13,Blue Velvet,1986,https://boxd.it/29BI,3
2025-07-13,Rahasya,2015,https://boxd.it/aANC,3.5
2025-07-15,Destricted,2006,https://boxd.it/6eGG,2.5
2025-07-15,Visitor Q,2001,https://boxd.it/24DE,2.5
2025-07-16,Superman,2025,https://boxd.it/E9IU,4
2025-07-18,Source Code,2011,https://boxd.it/fdo,4
2025-07-20,Cast Away,2000,https://boxd.it/20i8,4
2025-07-20,Housefull 5,2025,https://boxd.it/HleI,1.5
2025-07-21,Devi,1960,https://boxd.it/Vt4,4.5
2025-07-24,Billu,2009,https://boxd.it/1Kj0,4
2025-07-25,Kahaani,2012,https://boxd.it/2UfY,4
2025-07-28,Manorama Six Feet Under,2007,https://boxd.it/Ngc,3.5
2025-07-29,City of God,2002,https://boxd.it/2a2a,5
2025-08-03,Perfect Blue,1997,https://boxd.it/1W7A,4.5
2025-08-04,Manvini Bhavai,1993,https://boxd.it/KgEM,5
2025-08-05,Ankur Arora Murder Case,2013,https://boxd.it/6k7W,3
2025-08-05,Sitaare Zameen Par,2025,https://boxd.it/Ja4m,4
2025-08-07,Thunderbolts*,2025,https://boxd.it/BfbQ,3.5
2025-08-08,Saiyar Mori Re,2022,https://boxd.it/K1sQ,3.5
2025-08-09,Jurassic World Rebirth,2025,https://boxd.it/KUeE,3
2025-08-12,Casino,1995,https://boxd.it/2ads,4
2025-08-12,Fury,2014,https://boxd.it/6JwC,4
2025-08-12,Pariyerum Perumal,2018,https://boxd.it/gyAy,4
2025-08-13,Photograph,2019,https://boxd.it/iE22,3.5
2025-08-14,Fallen Angels,1995,https://boxd.it/1UkW,4
2025-08-15,Phule,2025,https://boxd.it/ArL0,4
2025-08-17,La Haine,1995,https://boxd.it/2as8,4
2025-08-24,Kumbalangi Nights,2019,https://boxd.it/l8wA,4.5
2025-08-25,The Secret Life of Walter Mitty,2013,https://boxd.it/3SWy,4
2025-08-25,Chungking Express,1994,https://boxd.it/1UDa,3
2025-08-31,Life of Pi,2012,https://boxd.it/37pC,4.5
2025-09-01,Vash Level 2,2025,https://boxd.it/SxLc,4
2025-09-04,Se7en,1995,https://boxd.it/29zs,4.5
2025-09-04,Danny Jigar - Ek Matra,2024,https://boxd.it/KDRk,2.5
2025-09-06,Metro... In Dino,2025,https://boxd.it/Ej2k,3
2025-09-06,Raado,2022,https://boxd.it/BQz6,4.5
2025-09-07,Audition,1999,https://boxd.it/1UHm,3.5
2025-09-10,The Conjuring: Last Rites,2025,https://boxd.it/Dh8e,2
2025-09-11,Inglourious Basterds,2009,https://boxd.it/1JzG,4.5
2025-09-12,Weapons,2025,https://boxd.it/EMTM,3.5
2025-09-13,Nobody 2,2025,https://boxd.it/C5Lc,3
2025-09-15,Under the Skin,2013,https://boxd.it/3mDa,2.5
2025-09-19,Bhavesh Joshi Superhero,2018,https://boxd.it/jaCc,3.5
2025-09-19,V for Vendetta,2005,https://boxd.it/29Ik,3.5
2025-09-20,Mahavatar Narsimha,2024,https://boxd.it/RdXU,3.5
2025-09-22,The Ba***ds of Bollywood,2025,https://boxd.it/XHCa,3
2025-09-24,Demon Slayer: Kimetsu no Yaiba Infinity Castle,2025,https://boxd.it/O1GQ,3.5
2025-09-29,We're the Millers,2013,https://boxd.it/4srQ,4
2025-10-01,Dhadak 2,2025,https://boxd.it/K3Nw,4
2025-10-03,Kantara - A Legend: Chapter 1,2025,https://boxd.it/EZaq,4
2025-10-12,Coolie,2025,https://boxd.it/HDVK,3
2025-10-13,War 2,2025,https://boxd.it/FWdI,2
2025-10-21,Tropic Thunder,2008,https://boxd.it/20WM,3.5
2025-10-22,Sadma,1983,https://boxd.it/utQ,3.5
2025-10-24,The Nice Guys,2016,https://boxd.it/94Hg,4
2025-10-27,Ne Zha,2019,https://boxd.it/mKSm,3.5
2025-10-27,Ne Zha 2,2025,https://boxd.it/B2qe,4
2025-10-30,Sarkar,2005,https://boxd.it/1CDm,3.5
2025-10-31,Sarkar Raj,2008,https://boxd.it/1Ocs,3
2025-10-31,Dogtooth,2009,https://boxd.it/158K,3
2025-11-01,Lokah Chapter 1: Chandra,2025,https://boxd.it/NelO,4
2025-11-06,The Fantastic 4: First Steps,2025,https://boxd.it/mP6C,3
2025-11-06,Oye Lucky! Lucky Oye!,2008,https://boxd.it/1L62,4
2025-11-07,Laalo: Krishna Sada Sahaayate,2025,https://boxd.it/Yrhs,2.5
2025-11-09,Ek Chalis Ki Last Local,2007,https://boxd.it/1O28,3.5
2025-11-10,Natsamrat,2016,https://boxd.it/d9wA,4
2025-11-12,Blue Valentine,2010,https://boxd.it/MxG,3.5
2025-11-16,Frankenstein,2025,https://boxd.it/Ecsg,4
2025-11-26,Jolly LLB 3,2025,https://boxd.it/Cpe8,3.5
2025-11-30,Homebound,2025,https://boxd.it/KDDs,4.5
2025-12-13,Dhurandhar,2025,https://boxd.it/NhCI,4.5
2025-12-19,War Dogs,2016,https://boxd.it/9SlO,3.5
2025-12-20,Thamma,2025,https://boxd.it/Jooq,2
2025-12-21,Atonement,2007,https://boxd.it/24ui,4.5
2025-12-23,Awarapan,2007,https://boxd.it/1AyO,3.5
2025-12-25,36 China Town,2006,https://boxd.it/1DZe,3.5
2025-12-25,Wake Up Dead Man,2025,https://boxd.it/uAKS,4
2025-12-26,Sisu: Road to Revenge,2025,https://boxd.it/Ksny,3
2025-12-28,Bāhubali: The Epic,2025,https://boxd.it/WdFc,5
2025-12-31,One Battle After Another,2025,https://boxd.it/DUHM,5
2025-12-31,Charulata,1964,https://boxd.it/1bVy,5
2026-01-05,No Other Choice,2025,https://boxd.it/nKiA,5
2026-01-08,Dude,2025,https://boxd.it/OqFe,2
2026-01-08,Raat Akeli Hai - The Bansal Murders,2025,https://boxd.it/Sq7a,3.5
2026-01-11,Eko,2025,https://boxd.it/EuuY,3.5
2026-01-13,Haq,2025,https://boxd.it/SulU,4
2026-01-16,Sicario,2015,https://boxd.it/8i7u,4
2026-01-18,Dhadkan,2000,https://boxd.it/1cRM,3
2026-01-18,Chaniya Toli,2025,https://boxd.it/YosM,4
2026-01-19,Lawrence of Arabia,1962,https://boxd.it/2wRE,4
2026-01-22,120 Bahadur,2025,https://boxd.it/Q6lM,3.5
2026-01-22,Ocean's Eleven,2001,https://boxd.it/2aZm,4
2026-01-25,Rape Zombie: Lust of the Dead,2012,https://boxd.it/5nH2,0.5
2026-01-25,Ocean's Twelve,2004,https://boxd.it/2aZ2,3.5
2026-01-29,Tere Ishk Mein,2025,https://boxd.it/HdG0,3
2026-01-30,Ocean's Thirteen,2007,https://boxd.it/2aEy,3
2026-02-03,Khosla Ka Ghosla!,2006,https://boxd.it/1Mie,4
2026-02-04,Maiyar Ma Mandu Nathi Lagtu,2001,https://boxd.it/VOrO,5
2026-02-06,Ship of Theseus,2012,https://boxd.it/4c5O,5
2026-02-11,Hamnet,2025,https://boxd.it/woVy,4
2026-02-11,Omkara,2006,https://boxd.it/1Ny8,4
2026-02-14,Challengers,2024,https://boxd.it/zld0,4.5
2026-02-14,Marty Supreme,2025,https://boxd.it/Off0,4.5
2026-02-20,Following,1998,https://boxd.it/1Tj4,3.5
2026-02-21,Sarvam Maya,2025,https://boxd.it/UEUa,4
2026-02-22,Sentimental Value,2025,https://boxd.it/GwcG,4.5
2026-02-25,Pearl,2022,https://boxd.it/zPbe,3.5
2026-02-26,MaXXXine,2024,https://boxd.it/CIM4,2.5
2026-03-02,Little Miss Sunshine,2006,https://boxd.it/29EW,4.5
2026-03-04,Shaolin Soccer,2001,https://boxd.it/1T86,3.5
2026-03-05,The Housemaid,2025,https://boxd.it/QFEO,3
2026-03-11,With Love,2026,https://boxd.it/W6Rq,4
2026-03-13,The Devil Wears Prada,2006,https://boxd.it/2awE,2.5
2026-03-14,Gandhi Talks,2026,https://boxd.it/tA7k,3.5
2026-03-14,10 Things I Hate About You,1999,https://boxd.it/23AO,4
2026-03-15,Zootopia 2,2025,https://boxd.it/F0vO,4.5
2026-03-16,Decision to Leave,2022,https://boxd.it/qp9e,4
2026-03-16,How to Lose a Guy in 10 Days,2003,https://boxd.it/1XwG,3.5
2026-03-18,Maqbool,2003,https://boxd.it/1CbM,4
2026-03-20,Now You See Me: Now You Don't,2025,https://boxd.it/f3i2,3.5
2026-03-20,Amélie,2001,https://boxd.it/2aUc,4.5
2026-03-21,Jennifer's Body,2009,https://boxd.it/1Efw,2
2026-03-22,Hellaro,2019,https://boxd.it/njhA,5
2026-03-22,Dhurandhar The Revenge,2026,https://boxd.it/Z0Uu,4
2026-03-24,"The Gangster, the Cop, the Devil",2019,https://boxd.it/lnuk,3.5
2026-03-26,The Curious Case of Benjamin Button,2008,https://boxd.it/23Fk,5
2026-03-29,Mardaani 3,2026,https://boxd.it/PNDW,3.5
2026-03-29,O'Romeo,2026,https://boxd.it/MDm6,2.5
2026-03-31,Faati Ne?,2025,https://boxd.it/KQiW,1
2026-03-31,Project Hail Mary,2026,https://boxd.it/pEeQ,4.5
2026-04-03,Happy Patel: Khatarnak Jasoos,2026,https://boxd.it/MW04,2.5
2026-04-06,Mean Girls,2004,https://boxd.it/1VNg,4
2026-04-07,Desh Re Joya Dada Pardesh Joya,1998,https://boxd.it/MUvk,4
2026-04-08,Ready or Not,2019,https://boxd.it/kOf0,3
2026-04-12,Tu Yaa Main,2026,https://boxd.it/Txja,3.5
2026-04-13,Detective Byomkesh Bakshy!,2015,https://boxd.it/anzM,3.5
2026-04-14,"Crazy, Stupid, Love.",2011,https://boxd.it/D9A,4.5
2026-04-16,Madagascar,2005,https://boxd.it/29dc,3.5
2026-04-18,Evan Almighty,2007,https://boxd.it/26s4,2
2026-04-20,Sangam,1964,https://boxd.it/Hho,3.5
2026-04-21,Badass Ravi Kumar,2025,https://boxd.it/DvvG,1.5
2026-04-22,NH10,2015,https://boxd.it/aOPW,4
2026-04-23,Youth,2026,https://boxd.it/Xsrc,3
2026-04-24,Assi,2026,https://boxd.it/T7pc,3.5
2026-04-26,Lootera,2013,https://boxd.it/69o8,4
2026-04-27,Lars and the Real Girl,2007,https://boxd.it/21tG,4.5
2026-05-01,Mrs.,2023,https://boxd.it/zy8C,3.5
2026-05-03,Wild Things,1998,https://boxd.it/29Zq,3
2026-05-06,Jana Nayagan,,https://boxd.it/KY7M,2
2026-05-07,Vaazha,2024,https://boxd.it/J7TG,3.5
2026-05-10,Ready or Not 2: Here I Come,2026,https://boxd.it/MfY6,3.5
2026-05-10,Action Replayy,2010,https://boxd.it/Fti,3
2026-05-10,Thappad,2020,https://boxd.it/oTrS,4
2026-05-10,The Drama,2026,https://boxd.it/OA2w,4
2026-05-14,Vaazha II,2026,https://boxd.it/PFzW,4
2026-05-20,The Punisher: One Last Kill,2026,https://boxd.it/Thla,3
2026-05-20,The Exorcist,1973,https://boxd.it/1Yoo,3.5
2026-05-21,Madagascar: Escape 2 Africa,2008,https://boxd.it/1W2K,3.5
